1,貴信(귀할귀 믿을신) 불고기,장보경,서초동 1302-38 동원빌딩 1층 101호,02-591-3326,한식,불고기
2,주식회사 서초동연가 서초별관점,장보경,서초동 1302-38 1층 103호,02-591-0281,한식,우거지국밥
3,인근주민 강남본점,이철우,서초동 1302-38 2층/3층,02-591-2087,한식,파스타
4,서울집,이종혁,서초동 1302-2 1층 5호/ 6호 대지프라자,02-3482-1224,한식,곰탕
5,참이맛 감자탕,김옥영 외 1명,서초동 1302-44 1층,02-3481-3399,한식,감자탕
6,스시가,김윤선,서초동 1302-45 양정빌딩 2층 가호,02-3481-3071,일식,스시정식
7,강남껍데기,조연수,서초동 1303-10 서초한일유앤아이주상복합 1층 113호,02-534-5572,한식,김치찌개/삼겹살
8,강남역 파스타,이진한,서초동 1307-4,02-3482-0959,양식,파스타
9,이자카야 나무  (서초),김충기 외 1명,서초동 1307-11 지하1층~지상4층,02-535-0348,일식,연어요리
10,강남본점,신철호,서초동 1308 201호/ 203호/ 204호,02-536-4133,한식,칼국수
11,제주흑다돈 강남직영점,강정호,서초동 1308-15 1층,02-3482-2090,한식,삼겹살
12,에머이 강남대로점,김미정,서초동 1308-16 102/103/105/107/108/109호,02-534-7174,기타,쌀국수
13,장꼬방,김현수,서초동 1316 1층,02-597-5511,한식,단팥죽
14,주식회사 맛있는이야기 노랑저고리,이승철,서초동 1316-29 타임빌딩 601호,02-534-5300,한식,노랑정식
15,피제리아 하이웨이트립,최영구,서초동 1316-30 1층/2층,02-535-8128,양식,피자
16,(주)이춘복스시강남,이춘복,서초동 1317 1층 2층,02-591-4558,일식,스시
17,하루하루,정재영,서초동 1317-20 아라타워 201-1~214-1일부,02-595-4952,기타,샤브샤브
18,연타발,황숙희,서초동 1317-20 외4필지 지하1층,02-536-9282,한식,등심
19,강가,이덕형 외 1명,서초동 1320-10 삼성전자사옥 지하1층,02-2059-3610,기타,인도요리
20,소만옥,이정주,서초동 1320-10 지하1층,02-587-9005,한식,갈비탕
21,서초사리원,나성윤,서초동 1321-7,02-3474-5005,한식,불고기
22,스시 다미선,신명리,서초동 1327-8 스퀘어큐브 2층,02-582-3328,일식,스시정식
23,강남정,김영균,서초동 1327-13 B101호 일부,02-584-8221,한식,한우가마솥국밥
24,서동한우 강남점,백경희,서초동 1327-29 서초파라곤 201호/208호,02-3474-9297,한식,한우구이
25,모랑 강남점,김지완,서초동 1328-11 대우도씨에빛2 212호,02-521-3980,한식,해물돌솥밥
26,해우담 서초본점,박소희,서초동 1329-4 우남빌딩 지하1층,02-522-4211,한식,해산물한정식
27,봉피양,김영환,서초동 1330 1층 103호,02-587-7018,한식,냉면
28,더하누,유준희,서초동 1330-4 아루누보씨티2 101/102/109/111/112/113/114호,02-584-9392,한식,등심
29,강남역 기와집 양대창,윤태문 외 1명,서초동 1330-12 강남역 인앤인 1층 101호,02-522-9279,한식,양대창
30,진대감 강남역 삼성타운점,용동순,서초동 1330-13 우영빌딩 2층,02-587-0073,한식,설렁탕/차돌삼합
31,됐소 강남,정영석,서초동 1330-15,02-586-8588,한식,등심(안심)
32,두껍삼 강남직영점,정영훈 외 1명,서초동 1330-16 1층 (101호),02-585-3592,한식,숙성삼겹살
33,초선과여포,이종국,서초동 1330-16 201호,02-525-9890,중식,깐쇼새우
34,삼성각,하동옥,서초동 1330-18 2층,02-598-5553,중식,전가복
35,조선횟집 서초점,이범택,서초동 1331-2 2층,02-587-8855,일식,제철회코스요리
36,한라담 강남역점,이범택,서초동 1331-2 2층(일부),02-587-4433,한식,한우모듬구이
37,진상샤브샤브,홍인국,서초동 1337-3 강남역 푸르지오시티 지하1층,02-581-0092,한식,샤브샤브
38,(주)미가미,김상균,서초동 1337-32 지하1층,02-522-6522,일식,회
39,삼호복집,장명화,서초동 1338-10,02-3474-3533,한식,복지리
40,만다린,CUI XIANSHU,서초동 1338-10 3층전체,02-588-2338,중식,해물짬뽕/ 찹쌀탕수육
41,참설농탕,CHO YOUNG IL 외 2명,서초동 1340 1층,02-3471-2488,한식,설렁탕
42,남강메기 서초직영점,도형석,서초동 1340-2 (1층),02-598-6800,한식,메기매운탕
43,듬북담북(뱅뱅점),엄태영 외 1명,서초동 1340-3 1층,02-525-8689,한식,북어국
44,서초버드나무집,이범만,서초동 1340-5,02-3473-8354,한식,갈비탕
45,육갑식당,김은경,서초동 1340-14,02-588-8292,한식,등심/꽃살
46,한국수,김인숙,서초동 1341-7 1층 103호,02-568-5972,한식,팔도면요리
47,춘향골 추어탕,이범철,서초동 1342-7 1층,02-3472-0050,한식,추어탕
48,오곡채,김혜경,서초동 1343-7,02-588-2232,한식,보쌈
49,명선헌,김경자,서초동 1344-12 지하1층,02-587-2942,한식,한정식
50,김영자 원조 나주곰탕(서초점),김혜진,서초동 1357-70 1층,02-522-8896,한식,곰탕
51,한촌설렁탕,박지은,서초동 1359-13 (지상1층),02-525-0225,한식,설렁탕
52,황금빛 마을,황순덕,서초동 1359-22/ 1층,02-521-4040,한식,김치찌개/된장찌개
53,서초복집,노현숙,서초동 1363-4 양재빌딩 2층,02-581-2362,한식,복지리
54,자인뭉티기,노정아,서초동 1363-7 1층,02-597-2158,한식,등심
55,청정횟집,이복임,서초동 1363-25 한라비발디스튜디오193 B101호,02-581-5886,일식,활어회
56,순남시래기,최효성,서초동 1363-25 지하1층 103-1호,02-582-5044,한식,시래기국
57,신가예촌,이유경,서초동 1364-3 세방빌딩,02-525-0986,한식,전골/갈비살
58,예촌,신봉석,서초동 1364-5 예촌,02-525-0987,한식,한정식
59,진주청국장,박홍전,서초동 1365-22,02-525-6919,한식,청국장
60,수미관,서준형,서초동 1427-5 1층,02-582-0707,한식,곰탕
61,부일갈비,김종구,서초동 1427-6 101호,02-585-3112,한식,갈비탕
62,송쉐프,권중백,서초동 1431-14,02-598-9662,중식,자장면/ 짬뽕 등
63,강촌식당 서초점,유지선,서초동 1443-4 1층,02-586-8787,한식,닭갈비
64,신선설농탕,오청,서초동 1443-8 1층,02-3473-1155,한식,설렁탕
65,선궁,허익회,서초동 1451-34,02-597-1397,중식,중국요리
66,서초갈비,설원철,서초동 1451-77 2층,02-582-2988,한식,등심
67,백년 한정식,최요섭,서초동 1451-95 지하1층,02-586-8979,한식,한정식
68,소들녘 서초점,전은정,서초동 1485-5 (소방 1 2층),02-583-0505,한식,소불고기
69,da Pitta(다 피타),강희영,서초동 1487-3 1층,02-523-5147,양식,파스타/피자
70,영변,차석재,서초동 1503-13 2/3층,02-583-1123,일식,회정식
71,신박사 콩사랑,신동안,서초동 1503-15 1층,02-588-8862,한식,순두부/콩국수
72,다피타(da pitta),노은영,서초동 1503-16,02-521-5147,양식,파스타/피자
73,서초정육식당,이경득,서초동 1503-19,02-588-0290,한식,등심
74,영양센타 서초역점,김윤식,서초동 1505-6,02-3487-0101,한식,전기구이통닭
75,수원본갈비1993,김민주,서초동 1511-12,02-521-1727,한식,감자탕
76,리스토란떼 일 디토 서초,이지훈,서초동 1516-2 (주)삼성출판사 사옥,02-3471-7021,양식,스테이크/파스타
77,진도울돌목가는길,박안나 외 2명,서초동 1540-1,02-521-6032,한식,한정식
78,미유끼,범미정,서초동 1540-11 보광빌딩 지하1층,02-585-2844,일식,광어회
79,미각,김춘희,서초동 1543-1,02-585-9095,한식,생등심
80,포메인서초점,김근자,서초동 1543-8 1층 102호,02-521-0722,한식,쌀국수
81,부산아지매국밥 서초역점,강현숙,서초동 1544-2/ 1층,02-582-9882,한식,전복회정식
82,BABBO PIZZA(밥보피자),최유미,서초동 1545-2 1층,02-585-0082,양식,피자
83,서초 불쭈꾸미,김수선,서초동 1552-6 지상1층,02-3486-9994,한식,설렁탕
84,리향,유영대 외 1명,서초동 1552-7 2층,02-525-3580,중식,중화요리
85,가조고향마을,오성석,서초동 1552-16 1층,02-584-0199,한식,등심
86,초원복집,최성례,서초동 1552-18 1층,02-598-3654,한식,복요리
87,향나무집,배인순,서초동 1553-14 지상1층,02-597-5554,한식,낙지/홍어찜
88,서귀포 오분작 뚝배기,정미자,서초동 1555-2 1/2층,02-523-9898,한식,해물찜/ 해물돌솥밥
89,서초면옥,최홍용 외 1명,서초동 1557-7 (지상1층 가호),02-522-1422,한식,냉면/갈비찜
90,우리바다생태찌개,허영윤,서초동 1564-12 1층,02-582-0128,한식,생태찌개
91,하남돼지집 교대점,권선단,서초동 1567-8 1층,02-3473-9282,한식,고기류
92,나나마구로,강정민,서초동 1571-6 1층/ 2층,02-582-5674,일식,참치회
93,신촌설렁탕 교대역점,백정석,서초동 1571-12 1층,02-585-2929,한식,설렁탕
94,대찬횟집 교대점,신일식,서초동 1571-15 지하1층,02-525-8858,일식,매운탕
95,옛날전통육개장 전문점 육대장 한방보쌈·전골,이진수,서초동 1571-17 1층,02-6959-7889,한식,육개장
96,원당,서영보,서초동 1571-26,02-583-3333,한식,감자탕
97,서초 장어타운,황지윤,서초동 1571-30 3층/4층,02-521-6934,한식,장어
98,모악정,김경자,서초동 1572-18 지하1층,02-584-1132,한식,해물삼합
99,봉추찜닭,김익환 외 1명,서초동 1574-6 101호,02-584-6981,한식,찜닭
100,리밍,전성정,서초동 1576-1 지층,02-583-5989,중식,자장면
101,한우플러스,권오덕,서초동 1576-9 지산빌딩 2층,02-522-6457,한식,등심
102,가온매운갈비찜,최문석,서초동 1579-1 지하1층,02-586-5959,한식,매운갈비찜
103,크래버 대게나라,김소영,서초동 1582-16 1층,02-525-9779,한식,대게요리
104,앨리스가든 플라워앤티 하우스,박영신 외 1명,서초동 1584-7 지상1층,02-583-5658,기타,커피/빵
105,삼대나주곰탕,정경희,서초동 1585-18 101/102/103/104,02-583-3433,한식,곰탕
106,서초아구찜,장동학 외 1명,서초동 1588-8 1층 105호,02-522-3673,한식,아구찜
107,국수명가,유금순,서초동 1588-13,02-3473-0045,분식,국수
108,든든한우家,이희춘,서초동 1591-11 2/3층,02-586-4000,한식,등심
109,함평한우 정육식당,김경미,서초동 1595-6 1층,02-582-2828,한식,등심
110,홍천한우,이희춘,서초동 1595-8 2층일부/3층일부,02-586-0513,한식,등심
111,동수원갈비,김숙희,서초동 1601-1 샤르망 지하1층 B01호~B04호/ B05호일부,02-588-7060,한식,왕갈비
112,우작설렁탕,권도훈,서초동 1621-5,02-584-8544,한식,설렁탕
113,소공동뚝배기집 교대점,최용식,서초동 1659-17 추호주택 지하1층,02-586-1962,한식,직화구이
114,애향,김경수,서초동 1676-4 1층,02-583-8182,한식,남도계절음식
115,주식회사 서석대,안재홍,서초동 1678-1 서초동 동아빌라트 102호,02-537-0077,한식,한우구이
116,늘봄웰봄,윤광석,서초동 1685-3 아크로비스타지하1층지하A-105/A-106/A-107호,02-596-8804,한식,등심
117,서초 해물찜,조용효,서초동 1685-8 지파이브센트럴프라자 B106호/ 107호,02-577-6465,한식,해물찜
118,미타니야 교대역점,이영덕,서초동 1685-8 G5센트럴프라자 1층 128호~130호,02-535-6001,일식,우동/돈까스
119,용봉대반점,김태륜,서초동 1689-1,02-591-3337,중식,짜장면/짬뽕/탕수육
120,서초보쌈,최영옥 외 1명,서초동 1689-6 103호,02-537-6201,한식,보쌈
121,태평양,정희동,서초동 1691-1 지하1층/,02-599-8564,일식,모듬회
122,교대강릉집,안희수,서초동 1692-3 지 1층,02-532-5430,기타,회무침
123,신태평양,천원기,서초동 1692-4 지하1층 가호,02-534-0354,일식,모듬회
124,설국,강동진,서초동 1694-22 (1층),02-3476-8007,일식,회정식
125,짝꿍 떡볶이,김재연,서초동 1695-7,02-537-6836,분식,떡볶이
126,엉터리생고기 교대역점,이상배 외 1명,서초동 1696-13 애니빌딩1층,02-596-8009,한식,삼겹살
127,빛고을으뜸추어탕,송재민,서초동 1697-15 1층,02-537-0156,한식,추어탕
128,만경생태,정성면,서초동 1697-16 1층,02-3482-3661,한식,동태탕
129,송학횟집,김미선,서초동 1699-2 4층,02-595-8822,일식,회
130,기와집순두부,안광윤,서초동 1699-13,02-599-0579,한식,순두부
131,한우명가 노고단,이미옥,서초동 1704-1 정곡빌딩 동관 지하15호,02-973-9792,한식,불고기
132,황궁,전용우,서초동 1705 정곡빌딩서관 지하1층,02-599-8078,중식,중국요리
133,남도미락,한선희,서초동 1706-12 지하 1층,02-593-1100,한식,청국장
134,대나무골,전용석,서초동 1709-4,02-533-8410,한식,한정식
135,램하우스 서초법원점,박종근,서초동 1713-4 /5/6 (202호),02-3476-0678,한식,양갈비
136,우밀면옥 교대점,김현경,서초동 1713-4 길도 BD 1층 104호,02-596-3770,한식,평양냉면
137,장원한정식,정애숙,서초동 1714-16,02-593-8449,한식,한정식
138,이남장(서초점),이승호,서초동 1715-1 1층/2층/3층,02-592-0268,한식,설렁탕
139,서초원,고인혜,서초동 1715-10 (지하 1층),02-596-0927,한식,한정식
140,전주가,최석종,서초동 1717-4 지하1층 103호,02-594-5588,한식,한정식
141,북해도,박미향,서초동 1717-6 지하1층,02-532-0934,일식,회정식
142,오발탄,이헌룡,서초동 1720-1 1/2/3층,02-591-6657,한식,양대창구이
143,오선채,강승현,양재동 1-23 (지하 1층),02-578-9411,한식,한정식
144,일품헌,XU YUANJI,양재동 1-28 성원빌딩 가동 1층/2층,02-574-7117,중식,샤브샤브
145,인덕원비빔국수,주철상,양재동 2-36 1/2층,02-579-5678,한식,국수/만두
146,갈비사랑,이하수 외 1명,양재동 14-3 지층/지상2/3/4/5층,02-3463-6800,한식,돼지갈비
147,백마 김씨네,이하수 외 1명,양재동 14-14 2층,02-3463-9255,한식,소고기 국밥
148,영동회관,정용철 외 1명,양재동 17-1 103호,02-6084-0250,한식,삼겹살
149,청정해참치,김상만,양재동 23-0 환승주차장 201호,02-577-4722,일식,참치회
150,동신참치양재직영점,신동옥,양재동 24 (지하 1층),02-529-7130,일식,참치회
151,디오디아(DIODIA),이강인,양재동 24 스포타임 5층,02-526-8700,뷔페식,뷔페
152,구이마마,문광수,양재동 114 1층,02-575-7449,한식,생삼겹
153,The Park(뷔페식당),강준식,양재동 202 외 3필지 더케이서울호텔 2층,02-577-8550,뷔페식,뷔페
154,화돌농장,전수남,양재동 204 1층,02-575-1858,한식,오리로스
155,(주)배나무골,장현성 외 2명,양재동 241-3,02-571-5252,한식,오리
156,어진,조영정,양재동 242-4,02-2058-2933,한식,해물탕
157,행복밥상,윤남교,양재동 267-2 1층,02-536-8825,한식,비빔밥
158,평가옥,박민,양재동 277-2 1층/2층,02-3462-1577,한식,평양냉면
159,초원정육식당,강영희,양재동 288-1 1/2층,02-573-5598,한식,등심
160,해늘찹쌀순대,장훈,양재동 289-8 2층,02-573-8292,한식,찹쌀순대
161,한촌설렁탕,김준호,양재동 289-9,02-574-6767,한식,설렁탕
162,사랑채,양경비,양재동 320-4 1층,02-572-0352,한식,한정식
163,약초마을,이건채,양재동 353-5 1층,02-576-5215,한식,삼계탕
164,소호정,임동열,양재동 392-11 (1/2층),02-579-7282,한식,국수
165,황태마을,주윤자,우면동 13-9,02-573-8926,한식,황태구이
166,정여사 손칼국수,정정례,우면동 64-2 201호,02-544-2000,분식,칼국수
167,여의도생고기,장시훈,내곡동 1-273 (지상1층),02-6339-7299,한식,소고기 숯불구이
168,피노,오영옥,내곡동 1-2299 1층,02-445-0417,한식,연잎밥
169,맷돌로만청계산점,이재훈 외 1명,신원동 192-12,02-574-9691,한식,순두부찌개
170,곤드레집,정임서,신원동 195-16 1층/2층,02-574-4542,한식,곤드레나물밥
171,영주축협 한우프라자 청계산역점,서병국,신원동 270-10 4층/ 5층,02-579-9292,한식,한우생등심
172,서울만남의광장휴게소 한식당,송상규,원지동 10-16 서울만남의광장휴게소 한식당,02-578-3372,한식,국밥/ 찌개
173,목우촌마을 청계산점,박기현,원지동 375 1층,02-573-0143,한식,삼겹살
174,국시 명가,이은숙,원지동 377-4 (1층),02-571-1474,한식,국수
175,조선면옥,김기흥,원지동 379-4 2층,02-2057-5526,한식,냉면
176,유라,김정희,원지동 412-2 1층,02-574-2101,한식,굴비정식
177,들밥 나들이,김도희,원지동 414-10 (1층),02-574-9949,한식,한정식
178,동지섣달 꽃본듯이,유미숙,원지동 419 지상 2층,02-571-9334,한식,돌솥밥
179,소담채,서동준 외 1명,원지동 419-1 지하1층/ 1층/ 2층,02-3462-8592,한식,쌈밥
180,담소사골순대 이수역점,김지원,방배동 421-1 /952번지 1호 세양아르비채 101동 101호/ 102호/ 103호,02-522-1821,한식,순대국
181,삼소락,신명아 외 1명,방배동 444-2 1층/ 주건축물제1동,02-585-9288,한식,제주삼겹살
182,바르미샤브샤브앤칼국수,이수영,방배동 444-3 2층 202-2호,02-597-1155,기타,샤브샤브
183,도쿄하나 사당점,이범택,방배동 444-3,02-585-2020,일식,생선회
184,연안식당 사당점,이범택,방배동 445-1 2층,02-588-6092,한식,꼬막비빔밥
185,둥구나무 사당점,박정희,방배동 445-4 8층,02-525-0980,한식,한정식
186,사조참치(사당역점),김정숙,방배동 446-2 지하1층,02-523-6784,일식,참치회
187,돌배기집 사당역지점,백종원,방배동 446-2 1층,02-3482-3788,한식,차돌박이
188,수향가,이병일,방배동 446-5 1층2층,02-523-8799,한식,족발/보쌈
189,참조은정육식당,김덕자 외 1명,방배동 448-21 지하1층/1층,02-521-2727,한식,생고기
190,성민양꼬치,최용진 외 1명,방배동 449-4 1층,02-583-8856,중식,양고기
191,시골보쌈&감자옹심이,김순금,방배동 449-5 (1층),02-3473-7358,한식,보쌈
192,통영해물보쌈,김동규,방배동 449-8 지하1층/1층,02-585-4378,한식,해물보쌈
193,군산 은모래 해물탕. 아구찜,김옥수,방배동 450-2 1층,02-588-2320,한식,황제문어해신탕
194,포항죽도 어시장,황영희,방배동 450-5 1층/2층,02-586-5246,한식,생선회/ 메운탕
195,남도술상,신윤숙,방배동 450-9,02-598-8040,한식,남도음식
196,왕배화로,김왕배,방배동 450-10 지상 1층,02-588-8736,한식,등심
197,삼육가 사당역1호점,서재학,방배동 450-16 1층,02-588-1043,한식,묵은지갈비찜/보쌈
198,여진족,박선희 외 1명,방배동 451-5 1층/ 지하1층,02-3473-3479,한식,족발
199,원당감자탕,이학승,방배동 451-8 2층 3층,02-522-5255,한식,감자탕
200,신의주찹쌀순대&숯불갈비,임규현,방배동 453-23 (1층),02-525-0041,한식,순대국/돼지갈비
201,한촌설렁탕 사당역점,최윤석,방배동 453-24 삼남빌딩 1층,02-522-1011,한식,설렁탕
202,물조은선주회집,김인규,방배동 453-29 (1/2층),02-521-7620,일식,생선회
203,방배 육감,이재혁 외 1명,방배동 475-29 지상1층/2층,02-584-8008,한식,생고기
204,하우스(HOUSE),이호정 외 2명,방배동 477-10 (1층),02-525-9296,양식,스테이크
205,우면산,차재성,방배동 478-5 1층,02-521-4064,한식,삼겹살
206,루안,곽태훈,방배동 751-1 지하1층,02-536-0009,중식,중식
207,남강메기 반포방배점,정현자,방배동 751-3 1층,02-532-7764,한식,메기 매운탕
208,댓짱돈까스,윤성순,방배동 755-14 1층/ 101호/102호/106호,02-534-7009,일식,돈까스
209,방배 정육식당,장재현,방배동 760-2 후생시설 2동 1층 318호,02-591-5575,한식,등심/삼겹살
210,김대감봉평메밀촌,김유정,방배동 761-2 2층,02-3477-0270,한식,막국수
211,임금님밥상,임정윤,방배동 762-16 A동 1층,02-535-5338,한식,매운탕
212,방배골숯불갈비,송원우,방배동 763-32 101호,02-3482-1527,한식,돼지갈비
213,조가네 갑오징어 방배카페거리점,신동훈,방배동 768-13 1층,02-536-4842,한식,갑오징어볶음
214,용이네 정육식당,백희원,방배동 769-9 1층,null,한식,등심/삼겹살
215,Kelly(켈리),정경화,방배동 773-5 1층,02-533-5803,양식,피자/파스타
216,방배 송이족발,김상섭 외 1명,방배동 777-5 1층,02-532-9491,한식,족발
217,육갑식당,민보람,방배동 777-5/ 지하1층 지상1층,02-596-9292,한식,등심
218,미방,이현주,방배동 777-20 1층,02-533-3660,한식,숯불구이
219,소담애,김도건,방배동 778-18 1층,02-532-4428,한식,족발
220,연화산,이재중,방배동 778-25 1층,02-591-6699,중식,짜장/짬뽕
221,장수원,나오미,방배동 778-27 지하1층/1층/2층,02-532-2225,한식,불고기
222,일일향 방배점,권혜린 외 1명,방배동 795-24 지층/1층,02-534-8385,중식,삼선짬뽕
223,델리세,장현숙,방배동 807-9,02-534-3142,양식,파스타
224,유다까 회전초밥전문점,이진규,방배동 813-6 1층,02-537-7714,일식,초밥
225,소소정,박현진,방배동 813-8 1층,02-536-8666,한식,한우곰탕
226,참숯애 서래갈비,김성하,방배동 818-13,02-537-0086,한식,갈비
227,은선 설렁탕,서금화,방배동 836-12 1층,02-535-8583,한식,설렁탕
228,서래면옥,박성완,방배동 837-14,02-599-0366,분식,바지락칼국수
229,묘오또,김민수 외 1명,방배동 850-1 1층(104호),02-536-5980,일식,돈가스/ 우동
230,제주어항1950,유영희 외 1명,방배동 851-2 지상 1층,02-3482-8400,한식,순대국
231,송이하랑,송성재,방배동 866-6 지상1층/2층,02-599-4499,한식,삼겹살
232,방배명가,이연숙,방배동 873-20 1층,02-533-2488,한식,해장국
233,㈜ 이지에프엔씨,이영선,방배동 874-8,02-595-1511,한식,설렁탕
234,금홍錦洪,김현봉,방배동 874-15 1층,02-532-9542,중식,짬뽕
235,만다린,이봉환,방배동 875-15 1층,02-596-6767,중식,짬뽕
236,양모리 양대창,이방분,방배동 851-6 107호,02-532-8125,한식,양깃머리/양/대창
237,서리풀 명가,박정숙,방배동 876-9 1층,02-535-3692,한식,곰탕/설렁탕
238,마초셰프,정영찬,방배동 876-19 1층,02-6465-4242,양식,파스타
239,만발,박소영 외 2명,방배동 878-1 1층,02-535-7456,한식,등심
240,명동보리밥 방배점,박경순,방배동 898-3 지상2층 201호,02-3471-3392,한식,보리밥정식
241,우리밀 칼국수,조화자,방배동 908-13 지하 1층,02-588-5895,한식,칼국수
242,CARNE BRASIL GRILL (까르니 브라질 그릴),MERTZ JAIRO LUIS,방배동 909-4 5층,02-598-5066,양식,슈하스코 코스
243,엉터리생고기 무한삼겹 방배역점,김은경,방배동 909-11 2층,02-588-7113,한식,삼겹살
244,지현,오세인,방배동 910-4 (지상1층),02-3473-6292,기타,샤브샤브
245,북경,소인학,방배동 911-22 1층 2호,02-521-9270,중식,짬뽕/탕수육
246,더구어,고석갑,방배동 924-5 (지상1층),02-3474-9293,한식,삼겹살
247,돈선생 방배점,이귀재 외 1명,방배동 924-7 1층,02-595-3574,한식,소갈비/오독갈비
248,방배순대국,한승희,방배동 924-9 1층,02-598-9587,한식,순대국
249,순남시래기 방배점,박솔잎,방배동 925-6 1층,02-582-2326,한식,시래기국
250,정담남원추어탕,류명미,방배동 926-27 1층,02-583-7588,한식,추어탕
251,미나토,이길열,방배동 935-2 1층,02-525-5841,일식,숙성 생선회
252,효소원 순두부와 청국장 그리고 전,오경옥,방배동 983-8 1층,02-3471-3355,한식,청국장
253,ELBA KITCHEN(엘바 키친),신원각,방배동 985-2 1층,02-585-9559,양식,스테이크/ 파스타
254,민어사랑,박호자,방배동 1001-9 1층,02-588-2714,한식,민어탕
255,송강,차경숙,방배동 1002-1 1층,02-598-9288,한식,북어/장어
256,만다린,정자용,방배동 1020-2 1층,02-581-3366,중식,중국요리
257,(주)댓짱돈까스,장연조,방배동 1021-14 파크에비뉴빌딩 1층,02-584-7348,일식,돈가스
258,방배골식당,송금자,방배동 1022-2 (지상2층),02-588-5197,한식,아구찜
259,임광루,권순분,방배동 1024-4 1층 9호/ 1층 10호,02-583-2466,중식,짜장면
260,방배본가면옥,정균영 외 1명,방배동 1031-2 방배홈스텔 1층 102호,02-587-5799,한식,냉면
261,방배골,석강하,방배동 2096,02-2057-7333,한식,등심
262,오동도 산아나고 숯불구이,나명박 외 1명,방배동 3001-2 103호/ 103-1호,02-532-9679,한식,아나고숯불구이
263,김영희 강남동태찜 이수점,박상형 외 1명,방배동 3001-2 방배디오슈페리움 1차 B117~119/ B122~126호,02-533-0890,한식,동태찜/해물찜
264,토다이 반포점,김정연,반포동 19-1 /20호/22호 지하 1층,02-579-1985,뷔페식,뷔페
265,수라빔,오행일,반포동 19-3 1층중층 M8호 센트럴시티,02-6282-3355,한식,비빔밥/해물순두부
266,포베이 고속터미널점,김홍희,반포동 19-4 지하1층 지하9호,02-595-7738,기타,베트남쌀국수
267,경복궁 서초점,김미애,반포동 44-4 ~6호 3/ 4층,02-377-7758,한식,한정식
268,하남돼지집 반포점,김범일,반포동 55-7 1층,02-537-6282,한식,돼지고기
269,무교동유정낙지반포점,이현숙,반포동 57-3,02-599-0088,한식,낙지볶음
270,한지박,허순영,반포동 58-6,02-3478-0834,한식,닭볶음탕/삼겹살
271,다봉,신석우,반포동 63-1 외4필지 팔래스호텔 64-1/64-2/64-3/64-4,02-2186-6888,일식,회초밥
272,h' Garden(에이치가든),박홍진,반포동 63-1 팔래스호텔 1층,02-2186-6885,뷔페식,뷔페
273,남도미락,김시윤,반포동 65-1 외2필지 궁전상가 101/102/103/104/105/106/109/110호,02-595-6060,한식,연포탕
274,레드브릭(Redbrick),고우현,반포동 72-8 1층,02-591-7878,양식,피자
275,서래말 면옥집,최선희,반포동 72-10 1층~2층,02-596-3450,한식,함흥냉면
276,하노이의아침,최윤영,반포동 90-1 가나빌딩 5층,02-599-5320,기타,베트남쌀국수
277,하루,김덕규,반포동 90-4 (2층),02-532-0224,한식,고기
278,화담,정진철,반포동 92-6 2층,02-533-4443,일식,차돌박이
279,서래본가,서심순,반포동 93-1 1층/2층/3층,02-3477-9192,한식,갈비탕
280,육갑식당,홍정민,반포동 93-2 1층 가호,02-533-9282,한식,와규
281,전주행,이인건,반포동 95-5 2층,02-599-8119,한식,전주비빔밥
282,포폴라리타,임영자,반포동 96-1 1층,02-593-2340,양식,스파게티
283,서래횟집,공맹자,반포동 104-2 1층,02-532-1573,일식,회초밥
284,황제,석가연,반포동 105-1 (지상2층),02-536-8820,중식,중국요리
285,(주)톰볼라,김주환,반포동 106-8 1층 101호,02-593-4661,양식,스테이크
286,주미요,HAN LI,반포동 107-9 1층/ 위너스빌,02-599-1988,중식,북경오리
287,한국회관,김경희,반포동 107-45 가동 1층/2층,02-595-3355,한식,한우/탕
288,우주,박은솔,반포동 107-80 1/2층,02-595-1838,한식,등심
289,올반프리미엄 센트럴시티점,김운아 외 1명,반포동 118-3 외 7필지 센트럴시티 파미에스테이션 1층  FP103호,02-591-2213,한식,뷔페
290,주식회사 에프아이씨,이경진,반포동 649 새빛둥둥섬 제1섬 3층,02-537-2440,양식,피자/파스타
291,어랑 생선밥상,한석동,반포동 736,02-516-3690,한식,생선구이
292,평가옥(반포점),이창건,반포동 746-5 서일빌딩 1층 (103-107호),02-3444-8030,한식,냉면
293,이춘복참치 신논현,이춘복,반포동 748-12 지하1층/지상1층,02-542-4558,일식,회코스
294,누룽누룽,조윤주,반포동 817 G동 지상 1층 6호,02-592-6565,한식,백숙
295,식도원,신정숙,반포동 817 상가E블럭 32-1/33호,02-599-3825,일식,정통일식
296,맷돌로만,박창훈,반포동 1053 H동 4호~6호,02-535-1233,한식,순두부
297,더가든 키친,박순희,잠원동 6-1 더리버사이드호텔 1층(지하 1층?) 1동,02-6710-1133,뷔페식,뷔페
298,영동설농탕,김용호,잠원동 10-53,02-543-4716,한식,설렁탕
299,노독일처,남숙자,잠원동 15-10 라성빌딩 1층,02-517-4552,중식,자장면
300,내고향본가,박말녀 외 1명,잠원동 17-1 2/3/4/5,02-540-6331,한식,남도요리
301,강남 따로국밥,백윤상,잠원동 19-10 1동 2층,02-543-2527,한식,국밥
302,원조마산콧털네아구찜,최금란 외 1명,잠원동 20-1 근생빌딩 A동 1층,02-548-9139,한식,간장게장
303,이모 전주콩나물 국밥,고영자,잠원동 21-1 2층,02-547-7908,한식,콩나물국밥
304,삼호복집,서미경,잠원동 22-17 용량빌딩 1층,02-542-7296,한식,복매운탕
305,진대감,김희석,잠원동 23-8 수인빌딩 지상1층,02-543-8858,한식,차돌삼합
306,양쓰부,YU CHENG LO,잠원동 25-25 (1층),02-549-5922,중식,짜장
307,공리,김태림,잠원동 26-9 1층/2층,02-544-3239,중식,탕수육
308,(주)프로간장게장,김종윤,잠원동 27-1 (지상1층/2층),02-543-4126,한식,간장게장
309,황금코다리,구임순,잠원동 29-3 1층,02-3444-8474,한식,코다리
310,의정부 평양면옥,박찬석 외 1명,잠원동 29-23 1/2층,02-547-6947,한식,냉면
311,진동둔횟집,박외숙 외 1명,잠원동 36-18 지하1층/1층/2층,02-544-2179,일식,대구탕
312,봉평고향메밀촌,박대섭,잠원동 39-1 동화빌딩 1층,02-511-7888,한식,막국수
313,도쿄하나 잠원점,이범택,잠원동 66-2 파스텔프라자 A-201호,02-3476-5100,일식,생선회/스시
314,JS가든(잠원점),정영태,잠원동 66-2,02-595-1221,중식,해삼전복볶음
315,반포면옥,소순경,잠원동 70 / 5호,02-591-4281,한식,냉면
